mmsi,SHIP_IMO,SHIP_NO,SHIP_TYPE_CODE,SHIP_DWT,SHIP_GROSSTON,SHIP_SPEED,SHIP_BREADTH,SHIP_DEPTH,SHIP_LENGTH,SHIP_ENGINE_POWER,SHIP_BUILT_YEAR,N,vesselType,TEUCapacity,lengthOverall
257453000,9818515,B9818515,散装化学品船/油船,49042,34128,12.5,32,47,183,7820,2019,159,chemical tanker,,182.84
351907000,9845142,B9845142,散货船,325452,172497,14,62,29.8,339.98,21000,2019,155,,,
352706000,9640487,A120013000005,液化气船,4191,4796,13.5,18.2,8,109.67,3310,2015,149,Liquefied Petroleum Gas Carrier,,109.67
356369000,9823742,B9823742,集装箱船,37621,32828,18.7,35,17,182,16080,2018,175,fully cellular containership,2500,185.99
356369000,9823742,B9823742,集装箱船,37621,32828,18.7,35,17,182,16080,2018,175,fully cellular containership,2500,185.99
412055000,9223289,A090003000006,半潜船,20257,15840,15,36,10,156,9420,2003,125,semi-sub HL vessel,,156
412055000,9223289,A090003000006,半潜船,20257,15840,15,36,10,156,9420,2003,125,semi-sub HL vessel,,156
412055000,9223289,A090003000006,半潜船,20257,15840,15,36,10,156,9420,2003,125,semi-sub HL vessel,,156
412206010,9374375,A030006000002,水产品运输船,500,490,10,8.8,4.3,54.2,735,2005,139,,,
412436120,8921420,A070105080180,散货船,42025,23277,13,30.5,15.8,180,6230,1990,156,,,
412438850,8901810,A070106000085,散货船,43665,25766,12,30.4,16.2,185.84,7120,1989,193,bulk carrier,1082,185.84
412703610,9657404,CHK-3967,散货船,34527,22400,12,28.8,14.6,179.88,8488,2010,116,bulk carrier,,179.88
412753860,9509334,A070008000005,油船,4210,3691,12.5,16,8,101.9,2060,2008,146,,,
412764740,9621223,A070311000468,油船,12692,7984,12.5,20,10.2,141.7,3310,2011,176,,,
413258000,9419864,A060007000003,散装化学品船,3560,2834,12.5,15,7.4,92.52,1912,2007,163,,,
413324410,9570369,A160009000062,多用途船,,2074,10,15,7,72.5,6920,2009,159,,,
413373000,9379789,A060009000001,油船,45844,29578,14,32.2,18.2,184.95,8520,2009,154,product tanker,,184.95
413373000,9379789,A060009000001,油船,45844,29578,14,32.2,18.2,184.95,8520,2009,154,product tanker,,184.95
413376120,9349095,A010010000212,散装化学品船/油船,11974,8525,12,22,10.6,134.85,4500,2010,142,Combined chemical and oil tanker,,134.85
413377010,9641041,A010012000062,液化气船,4344,4614,13.5,18,7.8,109.6,2980,2012,181,Liquefied Petroleum Gas Carrier,,109.6
413377920,9102734,A010014000013,集装箱船,1,29181,14.5,30.6,16,202.8,16860,1995,127,,,
413378230,9600097,A070311000410,散装化学品船/油船,4106,2994,13,15,7.4,96.6,2060,2011,151,Combined chemical and oil tanker,,96.6
413378230,9600097,A070311000410,散装化学品船/油船,4106,2994,13,15,7.4,96.6,2060,2011,151,Combined chemical and oil tanker,,96.6
413439910,9596961,A070110000199,油船,11879,7524,12,20,10.2,134.5,3310,2010,161,product tanker,,134.5
413439910,9596961,A070110000199,油船,11879,7524,12,20,10.2,134.5,3310,2010,161,product tanker,,134.5
413439910,9596961,A070110000199,油船,11879,7524,12,20,10.2,134.5,3310,2010,161,product tanker,,134.5
413444430,9626340,A070312000223,散装化学品船/油船,6473,4682,11.3,16.8,8.4,114.6,2574,2012,160,,,
413444690,9647734,A070312000244,散装化学品船/油船,4413,2984,11,15.2,7,96.17,2060,2012,140,chemical tanker,,96.17
413458730,9738569,A070417000001,液化气船,9094,12910,14.8,22.7,13.1,125.8,6000,2016,144,Liquefied Natural Gas Carrier,,125.8
413465790,8828422,A050100415,工程船,1955,1955,7,13,5,83.85,1253,1975,147,dredger,,83.85
413467580,9611113,A200011000007,油船,17183,11051,13,21.6,12.5,150.66,4440,2011,79,product tanker,,150.66
413501020,9449338,A100908000018,散装化学品船/油船,3964,2949,12,15,7.4,96.6,2060,2008,156,Combined chemical and oil tanker,,96.6
413511240,9685839,A060014000001,散装化学品船/油船,4373,2974,12,15,7.4,98,1765,2013,159,,,
413625000,9061875,A020009000018,散货船,69235,35874,14.5,32.2,18.3,224.98,8820,1993,47,,,
413702260,9177624,A080616000040,集装箱船,29105,19199,12,26,14.4,181,6400,1998,145,,,
413705980,9552769,A080418000010,散货船,34588,22481,14,28.8,14.6,179.88,6480,2010,160,bulk carrier,,179.88
413764000,9557850,A090009000022,散装化学品船/油船,,5614,10,18,9.4,120.11,2795,2009,147,Combined chemical and oil tanker,,120.11
413764000,9557850,A090009000022,散装化学品船/油船,,5614,10,18,9.4,120.11,2795,2009,147,Combined chemical and oil tanker,,120.11
413764000,9557850,A090009000022,散装化学品船/油船,,5614,10,18,9.4,120.11,2795,2009,147,Combined chemical and oil tanker,,120.11
413859483,9124421,A386000006,高速客船,,514,32,11.5,3.8,40.1,1980,1995,100,ferry,,40.1
413859483,9124421,A386000006,高速客船,,514,32,11.5,3.8,40.1,1980,1995,100,ferry,,40.1
413869000,9552135,A070509000269,散货船,52454,31167,14.6,32.26,17.6,189.9,9480,2009,172,bulk carrier,,189.9
413925000,9172557,A140009000081,散货船,69024,35884,16.8,32.2,18.3,224.98,9929,1997,92,,,
414319000,9315355,A070517000104,集装箱船,46287,38320,23.4,32.2,19.3,246.87,32490,2007,76,fully cellular containership,3768,246.86
416004726,9110640,D9110640,散装化学品船,35621,19095,15,30,14.2,175,9045,1995,150,chemical tanker,,174.92
416004726,9110640,D9110640,散装化学品船,35621,19095,15,30,14.2,175,9045,1995,150,chemical tanker,,174.92
416004726,9110640,D9110640,散装化学品船,35621,19095,15,30,14.2,175,9045,1995,150,chemical tanker,,174.92
416004726,9110640,D9110640,散装化学品船,35621,19095,15,30,14.2,175,9045,1995,150,chemical tanker,,174.92
416477000,9318618,D9318618,液化气船,17659,15175,15,23.1,12.7,153.5,5955,2006,180,Liquefied Petroleum Gas Carrier,,153.5
440178000,9829538,B9829538,散装化学品船/油船,11459,8072,13,20.4,11.05,120,3950,2018,169,chemical tanker,,120
477091800,9473535,CHK-3306,散货船,,151825,15,,,321.53,25200,2010,151,bulk ore carrier,,330
477091800,9473535,A030111990046,散货船,,152568,15,57,28.6,330,25200,1900,151,bulk ore carrier,,330
477112500,9811098,C9811098,油船,7492,6998,10,20,20,110,3030,2017,163,,,
477172700,9783538,C9783538,集装箱船,199924,194864,24,58.6,30.5,399.8,55000,2018,218,fully cellular containership,20039,399.8
477172700,9783538,C9783538,集装箱船,199924,194864,24,58.6,30.5,399.8,55000,2018,218,fully cellular containership,20039,399.8
477172700,9783538,C9783538,集装箱船,199924,194864,24,58.6,30.5,399.8,55000,2018,218,fully cellular containership,20039,399.8
477203700,9639662,B9639662,集装箱船,12738,9734,17.8,,,143.2,8730,2012,173,,,
477229800,9566992,CHK-2974,散货船,176022,91971,13,45,24.75,291.8,16860,2010,124,bulk carrier,,291.8
477229800,9566992,CHK-2974,散货船,176022,91971,13,45,24.75,291.8,16860,2010,124,bulk carrier,,291.8
477229800,9566992,CHK-2974,散货船,176022,91971,13,45,24.75,291.8,16860,2010,124,bulk carrier,,291.8
477413700,9493092,A030112990007,散货船,,151825,14.5,57,28.6,330,25200,1900,135,bulk ore carrier,,330
477413700,9493092,A030112990007,散货船,,151825,14.5,57,28.6,330,25200,1900,135,bulk ore carrier,,330
477413700,9493092,CＨＫ-3464,散货船,,151825,14.5,,,321.53,25200,2011,135,bulk ore carrier,,330
477413700,9493092,CＨＫ-3464,散货船,,151825,14.5,,,321.53,25200,2011,135,bulk ore carrier,,330
477466800,9696890,C060914990069,散货船,38508,25079,14.07,,,176.82,6120,2014,152,general cargo with container capacity,406,179.9
477466800,9696890,C060914990069,散货船,38508,25079,14.07,,,176.82,6120,2014,152,general cargo with container capacity,406,179.9
477468200,9845740,CHK-5310,集装箱船,35327,26872,19,32.2,17.1,188.8,13700,2019,204,,,
412474590,9615016,A140011000064,液化气船,4377,4618,13.3,18,7.8,109.6,2574,2011,152,Liquefied Petroleum Gas Carrier,,109.6
412607000,9475533,A140010000025,散货船,57009,32911,14.2,32.26,18,189.99,9480,2010,57,bulk carrier,,189.99
413329850,9258715,B9258715,集装箱船,12696,9413,17,22.4,11,144.8,7980,2002,177,,,
413366870,9237498,A170015000041,集装箱船,,34851,12,32.24,18.7,220.48,9480,2004,174,fully cellular containership,,220.41
413457960,9003574,A120100889,散装化学品船,7974,4801,13.2,18.2,8.95,111.3,2780,1991,154,chemical tanker,,111.3
413466390,9475583,A140011000003,散货船,56692,32969,14,32.26,18,189.99,8532,2011,152,bulk carrier,,189.99
413700170,9057472,A110010000005,集装箱船,44585,42323,12,32.24,20.17,242.04,27290,1993,157,fully cellular containership,5711,242.04
413700170,9057472,A110010000005,集装箱船,44585,42323,12,32.24,20.17,242.04,27290,1993,157,fully cellular containership,5711,242.04
413700170,9057472,A110010000005,集装箱船,44585,42323,12,32.24,20.17,242.04,27290,1993,157,fully cellular containership,5711,242.04
413700170,9057472,A110010000005,集装箱船,44585,42323,12,32.24,20.17,242.04,27290,1993,157,fully cellular containership,5711,242.04
477057700,9783332,CHK4832,油船,299154,162542,15.7,60,30,324.53,26000,2017,142,,,
636019594,9869526,B9869526,散货船,187243,99216,13,47.5,24.7,299,17218,2019,33,bulk carrier,,299.88
636019594,9869526,B9869526,散货船,187243,99216,13,47.5,24.7,299,17218,2019,33,bulk carrier,,299.88
636019700,9858735,B9858735,集装箱船,37248,32828,10,35.6,17.9,185.99,16080,2020,182,fully cellular containership,2500,185.99
636019700,9858735,B9858735,集装箱船,37248,32828,10,35.6,17.9,185.99,16080,2020,182,fully cellular containership,2500,185.99
311365000,9609158,CHK-3377,散货船,81623,45271,14,32.26,20.2,229,8721,2012,50,bulk carrier,,229
371829000,9832729,B9832729,集装箱船,198937,219688,23.9,58.8,32.9,399.98,59300,2015,226,fully cellular containership,20150,399.98
412403020,9625566,A070312000009,散货船,34960,21926,14,28.4,14.7,179.98,6480,2011,149,,,
412570860,9591789,A121010000064,油船,18000,11453,12.5,22.6,12.5,150.6,2942,2010,147,,,
412665000,9205794,A140702005,油船,37603,23370,14,32.2,14.6,180.2,7353,1999,177,,,
412755000,9475557,A140010000039,散货船,56931,32911,14,32.26,18,189.99,9480,2010,155,bulk carrier,,189.99
413129000,9292400,A090005000009,散货船,55150,33511,14,32.26,18,199.99,8510,2005,86,,,
413379990,9627930,A090312000026,液化气船,3012,2981,13,15.2,6.9,99.96,2500,2012,163,Liquefied Petroleum Gas Carrier,,99.96
413380260,9831672,A010017000089,散装化学品船,5870,4486,12,16.8,8.2,110.3,2060,2017,180,,,
413380970,9351854,A100116000102,液化气船,2653,2861,11.5,14.4,7,96,2060,2007,173,Liquefied Petroleum Gas Carrier,,96
413440820,9608269,A070311000027,散装化学品船/油船,5695,3927,10.5,15.8,7.4,110.25,2574,2011,154,chemical tanker,,110.25
413442350,9627332,A070312000336,供给船,3520,3214,12,18,7.8,78,8824,2012,165,tug/supply,,78
413701060,9144316,A080115000019,集装箱船,28370,24002,12,27.4,15.8,205.51,13383,1997,163,fully cellular containership,,205.51
413740000,9062544,A020009000040,散货船,103794,64283,13,41.5,22.85,246.5,13974,1993,66,,,
413930000,9556791,B9556791,散货船,23127,14912,11,24,13.8,159.9,4400,2009,122,bulk carrier,,159.9
414222000,9139907,A010015000099,集装箱船,39464,41507,21,32.29,19.2,253.7,28350,1997,150,fully cellular containership,3429,253
414295000,9209934,A010017000029,滚装船,8531,33854,18,27.4,18.03,173.03,8208,1999,189,vehicle carrier,,173.03
414335000,9371799,A070317000351,散货船,40932,30661,12,32.26,17.2,189.99,10800,2006,193,bulk carrier,,190
414364000,9264128,A070118000026,散货船,50619,30520,14.7,32.26,17.2,190,10800,2004,162,bulk carrier,,190
414398000,9227467,A070518000092,散货船,51825,27989,14,32.26,16.9,189.8,8090,2001,159,bulk carrier,,189.8
431664000,9820867,B9820867,散货船,208564,107454,12,50,24.7,299.95,17300,2018,157,,,
477078600,9258715,B9258715,集装箱船,12696,9413,17,22.4,11,144.8,7980,2002,200,,,
477137700,9728007,CHK-4374,集装箱船,21196,17119,19.5,,14,,12050,2016,182,,,
477139200,9760639,CHK-4910,集装箱船,23554,18826,18.5,28.1,14.2,162.08,14280,2017,204,,,
477154300,9793894,CHK-4977,集装箱船,132736,113828,22,48.2,22.94,317.16,42350,2018,216,fully cellular containership,11923,330
477154300,9793894,CHK-4977,集装箱船,132736,113828,22,48.2,22.94,317.16,42350,2018,216,fully cellular containership,11923,330
477168900,9783514,B9783514,集装箱船,197087,196670,22.5,58,25,384,54950,2017,218,fully cellular containership,20038,400
477168900,9783514,B9783514,集装箱船,197087,196670,22.5,58,25,384,54950,2017,218,fully cellular containership,20038,400
477168900,9783514,B9783514,集装箱船,197087,196670,22.5,58,25,384,54950,2017,218,fully cellular containership,20038,400
477194100,9783473,B9783473,集装箱船,199934,194864,28,58.6,23.3,399.8,49500,2018,224,,,
477237300,9826500,CHK-5147,散货船,81690,43646,13,32.26,20.01,224.69,9120,2015,141,bulk carrier,,229
477244100,9453250,9453250,散货船,56779,32929,14,32.26,18,189.99,9480,2011,142,bulk carrier,,189.99
477252600,9400289,CHK-4687,集装箱船,102303,91354,23,42.8,24.8,335,93120,2008,220,fully cellular containership,,335.07
477519800,9684134,CHK-3833,散货船,75321,40946,14,32.26,19.6,225,8833,2013,49,,,
538008691,9825398,B9825398,集装箱船,23415,19035,11,28.4,14.21,164.84,11150,2019,76,,,
563083200,9871074,B9871074,散装化学品船/油船,19906,15225,12,27.7,40,150,4195,2019,145,Combined chemical and oil tanker,,157
636019716,9863687,B9863687,杂货船,2998,2590,12,13.8,7,81,1323,2019,187,general cargo,,81
355224000,9859923,BUN9859923,集装箱船,21500,17933,20,27.4,14.3,172,15300,2019,207,fully cellular containership,1800,172.07
371444000,9823754,B9823754,集装箱船,37621,32828,20,35.6,17.9,182.6,16080,2018,184,fully cellular containership,2500,185.99
412057000,9568160,A090012000004,散货船,76022,41303,13.5,32.26,19.7,225,10000,2012,51,,,
412124000,9600827,A090011000006,散货船,57000,32858,14.2,32.26,18,189.99,9480,2011,166,bulk carrier,,189.99
412208780,9623609,A050312990055,干货船,29011,21270,12,27.4,14.2,166.31,6810,2012,89,,,
412470820,9485564,A090008000015,散装化学品船/油船,,5612,12,18,9.4,120.11,2380,2008,159,asphalt tanker,,120.11
412750000,9437555,A010010000142,集装箱船,63258,54005,25.2,32.2,21.8,294,45760,2010,185,,,
413217750,9070785,A010009000181,散货船,43216,25498,13,30.5,16,185.06,7779,1994,158,bulk carrier,,185.06
413368000,9406855,A110008000008,油船,6315,5569,13.6,17.6,10.1,106.84,4000,2008,136,asphalt tanker,,106.84
413368000,9406855,A110008000008,油船,6315,5569,13.6,17.6,10.1,106.84,4000,2008,136,asphalt tanker,,106.84
413381040,9722259,A010018000051,散装化学品船/油船,2444,2028,12,13.2,6.2,85,1290,2018,147,,,
413439970,9523897,A070112000091,油船,5914,4133,10,16.2,8,112.1,2574,2012,170,asphalt tanker,,112.1
413472690,9551765,A070511000002,散装化学品船/油船,6763,4048,11,16,8.7,103,2574,2010,154,,,
413495930,9262558,A091618000003,干货船,32763,24918,16,27.69,15.49,188.64,8730,2003,153,general cargo with container capacity,1874,188.64
413911000,9125578,A080009000015,散货船,43764,26897,14.5,30.5,16.6,190,8407,1997,172,,,
414374000,9535876,A070518000037,散货船,57053,33036,14.5,32.26,18,189.99,9480,2010,168,bulk carrier,,189.99
414374000,9535876,A070518000037,散货船,57053,33036,14.5,32.26,18,189.99,9480,2010,168,bulk carrier,,189.99
414404110,9693458,A070019000006,散货船,67375,39129,14,36,18.5,199.99,9659,2019,173,bulk carrier,,199.99
414404110,9693458,A070019000006,散货船,67375,39129,14,36,18.5,199.99,9659,2019,173,bulk carrier,,199.99
414404110,9693458,A070019000006,散货船,67375,39129,14,36,18.5,199.99,9659,2019,173,bulk carrier,,199.99
441611000,9528718,2017-102,油船,5927,4387,12,17,8.9,102.4,2910,2008,137,,,
441611000,9445289,CHK-2998,散货船,228800,116955,14,52.48,24,324.99,22500,2011,137,bulk ore carrier,,324.99
477202900,9793947,CHK-5092,集装箱船,132711,113828,22,48.2,22.94,318.81,42350,2015,194,fully cellular containership,11923,330
477413300,9641845,CHK-3444,散货船,7798,5357,12,17.6,8.4,119.9,2206,2011,132,general cargo,,119.95
538090558,9037123,B9037123,油船,38669,24252,14.2,28,,190,8380,2010,145,product tanker,,190
538090558,9037123,A030110000158,油船,38615,24252,14,28,16.8,190,8380,2001,145,product tanker,,190
412077340,9320178,A060016000039,散货船,3648,2849,11,15,7.4,93,1760,2006,146,chemical tanker,,92.52
413526840,9829590,A110517000009,液化气船,3130,3804,13.5,16.5,7.2,99.97,2720,2017,164,Liquefied Petroleum Gas Carrier,,99.97
414284000,9188805,A061417000002,滚装船,10817,33831,18.5,28,29.25,164,10010,1999,163,vehicle carrier,,164
414284000,9188805,A061417000002,滚装船,10817,33831,18.5,28,29.25,164,10010,1999,163,vehicle carrier,,164
414293000,9450923,A110017000003,集装箱船,54327,42112,24.5,32.2,19.2,260.31,36560,2009,100,fully cellular containership,4380,260.31
567005000,9117137,B9117137,集装箱船,21813,15533,18.5,25,13.6,171,16700,1996,196,,,
636018972,9849746,B9849746,散货船,207992,107879,14,50,25,299.95,15131,2020,11,bulk ore carrier,,299.95
412176000,9662930,A010014000054,散货船,75347,40943,12,32.26,19.6,224.95,8833,2014,56,,,
413473010,9471197,A140013000060,滚装船,5836,19684,16.1,24.4,12.85,140.5,6480,2012,173,vehicle carrier,,140.5
413473010,9471197,A140013000060,滚装船,5836,19684,16.1,24.4,12.85,140.5,6480,2012,173,vehicle carrier,,140.5
414239000,9232113,A140016000098,集装箱船,58768,50242,24.3,32.2,21.5,282.14,27131,2002,186,fully cellular containership,4367,282.14
414282000,9257072,A010016000167,散货船,50100,30928,14.5,32.26,17.4,191.76,9480,2002,161,bulk carrier,,191.76
414363000,9465796,A140018000065,散货船,75151,40170,14,32.26,19.6,225,8990,2009,59,,,
477948500,9412854,CHK-4432,集装箱船,21355,17194,19.7,27.6,14,171.99,15820,2007,191,fully cellular containership,1708,169.99
477948500,9412854,CHK-4432,集装箱船,21355,17194,19.7,27.6,14,171.99,15820,2007,191,fully cellular containership,1708,169.99
477948500,9412854,CHK-4432,集装箱船,21355,17194,19.7,27.6,14,171.99,15820,2007,191,fully cellular containership,1708,169.99
477948500,9412854,CHK-4432,集装箱船,21355,17194,19.7,27.6,14,171.99,15820,2007,191,fully cellular containership,1708,169.99
477978400,9649756,CHK-3531,杂货船,8500,6982,12,19,11.5,112.21,3150,2012,149,,,
563083400,9840702,B9840702,集装箱船,37621,32828,21.6,35,17,182,16080,2018,181,fully cellular containership,2500,185.99
413361010,9536038,A060011000042,油船,25082,18387,15,27.8,15,158,6480,2011,171,product tanker,,158
413361010,9536038,A060011000042,油船,25082,18387,15,27.8,15,158,6480,2011,171,product tanker,,158
413684000,9086978,A090009990003,散货船,71259,38211,11.5,32.2,18.8,224.94,7500,1995,66,bulk carrier,,224.94
413684000,9086978,B9086978,散货船,71259,38205,13.5,32.24,18.1,225,10200,1995,66,bulk carrier,,224.94
413988000,9195327,A020013000060,散货船,74443,38881,13.5,32.2,19.2,225,9340,1999,106,bulk carrier,,225
414196000,9688972,A140014000146,散货船,64964,38573,14.1,32.26,18.2,225,9660,2014,68,,,
414352750,9861354,A170018000125,拖船,,1110,13,13.6,6.3,45.46,5588,2018,138,tug,,45.47
414406000,9603075,A070018000023,散货船,56629,32987,12.5,32.25,18.01,189.99,9480,2012,148,bulk carrier,,189.99
414406000,9603075,A070018000023,散货船,56629,32987,12.5,32.25,18.01,189.99,9480,2012,148,bulk carrier,,189.99
414406000,9603075,A070018000023,散货船,56629,32987,12.5,32.25,18.01,189.99,9480,2012,148,bulk carrier,,189.99
414429000,9224702,A070518000112,散货船,75202,40605,14.87,32.25,19.8,225.01,11169,2001,168,bulk carrier,1094,224.9
414429000,9224702,A070518000112,散货船,75202,40605,14.87,32.25,19.8,225.01,11169,2001,168,bulk carrier,1094,224.9
414429000,9224702,A070518000112,散货船,75202,40605,14.87,32.25,19.8,225.01,11169,2001,168,bulk carrier,1094,224.9
414429000,9224702,A070518000112,散货船,75202,40605,14.87,32.25,19.8,225.01,11169,2001,168,bulk carrier,1094,224.9
477001500,9645700,CHK-3667,散货船,13600,8896,12,20,8.89,140.7,3552,2011,158,general cargo,,140.7
477188700,9266114,CHK-3882,集装箱船,22077,17153,19.7,27.6,14,171.99,15785,2006,178,fully cellular containership,1620,171.99
413381050,9722259,A010018000051,散装化学品船/油船,2444,2028,12,13.2,6.2,85,1290,2018,57,,,
413527370,413527370,A070308000629,散货船,12467,8377,10,20,10.5,140.19,2970,2008,126,,,
413703440,9802516,A180018000025,散装化学品船/油船,5484,4214,12,16.5,8.4,103.8,2040,2018,133,chemical tanker,,103.8
414029000,9492608,A140011000110,散货船,76000,40913,13.5,32.26,19.6,225,7950,2011,55,bulk carrier,,225
477369900,9845726,B9845726,集装箱船,35350,26771,19,32.2,17,185.32,17430,2019,189,fully cellular containership,2700,188.79
477369900,9845726,B9845726,集装箱船,35350,26771,19,32.2,17,185.32,17430,2019,189,fully cellular containership,,188.79
636019593,9869514,B9869514,散货船,187277,99216,15,47.5,24.7,299.88,17218,2019,151,bulk carrier,,299.88
215354000,9839911,B9839911,集装箱船,157076,149314,20,51,30,365.98,68640,2019,206,fully cellular containership,,366
412602000,9475545,A140010000031,散货船,56970,32911,14.2,32.26,18,189.99,9480,2010,160,,,
477112800,9726059,C9726059,散货船,179562,94724,14,46,24.8,295,14875,2015,144,,,
477390200,9591557,A060013000016,散货船,75538,41605,12,32.25,19.7,224.9,9500,2014,36,bulk carrier,,224.9
414011000,9580950,A090011000008,散货船,57000,32873,12,32.26,18,189.99,9480,2011,75,bulk carrier,,189.99
414011000,9580950,A090011000008,散货船,57000,32873,12,32.26,18,189.99,9480,2011,75,bulk carrier,,189.99
414011000,9580950,A090011000008,散货船,57000,32873,12,32.26,18,189.99,9480,2011,75,bulk carrier,,189.99
412521180,9224128,A120400133,多用途船,4039,3580,12,16.2,7.2,93,1980,2000,125,,,
413358920,9596909,A060011000006,散装化学品船,6553,4359,10.5,17.5,8,105.06,2500,2011,155,,,
413377080,9509839,A010012000115,散装化学品船/油船,3913,2995,12,15,7.4,96.6,2206,2012,144,,,
413444446,9063110,A010100046,油船,61957,38570,14.5,32.2,19,228.5,8826,1995,166,product tanker,,228.5
413444446,9063110,A010100046,油船,61957,38570,14.5,32.2,19,228.5,8826,1995,166,product tanker,,228.5
413444446,9063110,A010100046,油船,61957,38570,14.5,32.2,19,228.5,8826,1995,166,product tanker,,228.5
413444446,9063110,A010100046,油船,61957,38570,14.5,32.2,19,228.5,8826,1995,166,product tanker,,228.5
414434000,9260122,A070118000131,散货船,74832,40437,13,32.26,19.6,225,8552,2001,125,bulk carrier,,225
414434000,9260122,A070118000131,散货船,74832,40437,13,32.26,19.6,225,8552,2001,125,bulk carrier,,225
636017609,9587441,CHK-3173,散货船,93271,51225,14,38,20.7,229.2,13560,2011,158,bulk carrier,,229.2
413441460,9609976,A070111000102,油船,12834,8596,12.5,20.8,10.5,137.85,3310,2011,171,Tanker (unspecified),,137.85
414740000,9505481,A110013000002,散货船,56632,32976,12,32.26,18,189.99,9480,2013,71,,,
613003624,8626563,B8626563,水产品运输船,680,497,11,9.4,4.5,56.3,588,1986,114,general cargo,,55.86
413461340,9077240,A140007990001,散货船,70182,36559,14.5,32.26,18.3,225,8826,1994,63,,,
477588400,9704740,CHK-4449,杂货船,38122,26600,13.77,28.56,15.8,189.99,6960,2015,16,,,
412241000,9493602,A140009000034,散货船,93326,51158,14.5,38,20.7,229.2,13560,2009,70,bulk carrier,,229.2
412241000,9493602,A140009000034,散货船,93326,51158,14.5,38,20.7,229.2,13560,2009,70,bulk carrier,,229.2
412380450,9200469,A090311000041,液化气船,3361,3505,12,16.6,7.1,94.5,2405,1999,145,,,
413527910,9814404,A110018000020,油船,7303,7414,14,19.5,11,114.92,3330,2018,156,asphalt tanker,,114.92
413527910,9814404,A110018000020,油船,7303,7414,14,19.5,11,114.92,3330,2018,156,asphalt tanker,,114.92
477312500,9807750,CHK-4962,散货船,,203339,15,65,30.4,361.9,24200,2015,133,bulk carrier,,361.9
477312500,9807750,CHK-4962,散货船,,203339,15,65,30.4,361.9,24200,2015,133,bulk carrier,,361.9
477312500,9807750,C9807750,散货船,399276,203339,14,65,30.4,361.9,24200,2015,133,bulk carrier,,361.9
477312500,9807750,C9807750,散货船,399276,203339,14,65,30.4,361.9,24200,2015,133,bulk carrier,,361.9
311000894,9847243,B9847243,散货船,183017,93458,15,45,24.6,291.99,15815,2019,15,bulk carrier,,291.99
311000894,9847243,B9847243,散货船,183017,93458,15,45,24.6,291.99,15815,2019,15,bulk carrier,,291.99
311000894,9847243,B9847243,散货船,183017,93458,15,45,24.6,291.99,15815,2019,15,bulk carrier,,291.99
311000894,9847243,B9847243,散货船,183017,93458,15,45,24.6,291.99,15815,2019,15,bulk carrier,,291.99
374241000,9863326,B9863326,集装箱船,224997,228283,19,61,80.98,399.9,60380,2020,192,,,
412095000,9138501,A020013000055,散货船,74005,38338,13.2,32.26,19.1,225,7654,1997,77,,,
413228740,9658501,A120812000131,油船,17966,11517,11.5,22.6,12.5,150.59,4440,2012,170,product tanker,,150.59
413379770,9169366,A010016000119,拖船,2047,1974,15.6,14.6,7.4,66,9000,1998,130,anchor handling tug,,66
413379770,9169366,A010016000119,拖船,2047,1974,15.6,14.6,7.4,66,9000,1998,130,anchor handling tug,,66
413379770,9169366,A010016000119,拖船,2047,1974,15.6,14.6,7.4,66,9000,1998,130,anchor handling tug,,66
413459310,9207429,A070117000018,散货船,44094,26029,12,30.4,16.5,185.74,8311,1999,159,,,
413702190,9586916,A070510000174,散货船,36631,22257,12.5,28.8,14.6,179.88,6480,2010,152,bulk carrier,,179.88
477194500,9829772,C9829772,散装化学品船,13209,8860,13.2,22,35,114,3320,2018,164,chemical tanker,,120
477767800,9494230,C9494230,散货船,179787,93960,14,45,24.7,292,18660,2009,170,,,
413302080,9538323,A020010000087,散货船,53300,32460,13.5,32.26,17.5,190,9480,2010,139,,,
413593850,9856995,A120018000001,油船,6111,5408,13,17.6,10.1,108,2574,2018,159,asphalt tanker,,108
413593850,9856995,A120018000001,油船,6111,5408,13,17.6,10.1,108,2574,2018,159,asphalt tanker,,108
413593850,9856995,A120018000001,油船,6111,5408,13,17.6,10.1,108,2574,2018,159,asphalt tanker,,108
477142500,9749025,B9749025,集装箱船,25273,15730,13,26.6,0,158.93,5640,2017,13,chemical tanker,,158.93
477142500,9749025,B9749025,集装箱船,25273,15730,13,26.6,0,158.93,5640,2017,13,chemical tanker,,158.93
477142500,9749025,B9749025,集装箱船,25273,15730,13,26.6,0,158.93,5640,2017,13,chemical tanker,,158.93
477883400,9301756,C9301756,散货船,56953,30722,14,32.26,17.62,189.99,8208,2007,152,bulk carrier,,189.99
565100000,9308704,A060306990008,散货船,55539,30953,13,32.26,12.5,189.9,8200,2005,21,bulk carrier,,189.9
355532000,9523574,395622,杂货船,13325,9983,12.7,20.5,14.5,124.55,4200,2010,151,Roll On Roll Off,,124.55
413705920,9244269,A080618000012,散货船,48169,26555,14.3,30.95,16.4,189.33,7443,2001,158,bulk carrier,,189.33
477347900,9712761,C9712761,集装箱船,21355,17119,13,27.6,14,171.99,12050,2014,175,,,
477947300,9493107,CHK-3529,散货船,,151825,12,57,,330,25200,2012,109,bulk ore carrier,,330
412032000,9494371,A020008000141,散货船,76427,40896,13.8,32.26,19.6,225,8833,2008,136,bulk carrier,,225
412474190,9605451,A140011000202,散装化学品船/油船,4429,2947,10,15,7.4,97.25,2060,2011,154,Combined chemical and oil tanker,,97.25
413332720,9155664,A010016000163,拖船,,1974,12,14.6,7.4,66,9000,1997,47,anchor handling fire fighting tug/supply,,66
477401900,9845738,CHK-5251,集装箱船,35350,26771,19,32.2,17.1,188.8,13700,2015,187,fully cellular containership,2700,186
477401900,9845738,CHK-5251,集装箱船,35350,26771,19,32.2,17.1,188.8,13700,2015,187,fully cellular containership,2700,186
477779700,9431238,A090110990029,矿/散/油船,1000,116396,16,52.5,24.3,314.66,22500,2010,167,bulk ore carrier,,324.99
636018986,9844552,B9844552,散货船,208573,107526,15.5,50,48,299.95,15131,2019,137,bulk carrier,,299.95
412842000,9566942,A090011000016,散货船,56842,32964,12.5,32.26,18,189.99,9480,2011,69,bulk carrier,,189.99
413630110,9622021,A120111000133,油船,30119,20563,14,29,14.4,177.21,6480,2011,174,,,
636018487,9847073,B9847073,散货船,180668,94528,15,45,24.9,292,15748,2019,51,bulk carrier,,292
373032000,9861201,B9861201,液化气船,3999,4235,13,17.6,8.1,94.62,3000,2019,182,Liquefied Petroleum Gas Carrier,,99.9
538006800,9764001,684-16,散货船,81914,43001,14.5,32,51,228,9660,2016,133,,,
565616000,9365673,A060607990024,集装箱船,,13760,20,23.25,11.5,148,9480,2007,158,,,
413405430,9419060,A070305000711,集装箱船,11806,8564,12,19.8,10.5,139.36,4400,2007,138,,,
413494940,9153874,A090018000008,杂货船,16957,14021,13,23,14.1,153,6031,1998,158,,,
413825408,9677882,A120013000001,油船,6110,5392,11.5,17.6,10.1,108,2574,2014,155,asphalt tanker,,108
414137000,9636589,A020013000041,散货船,76413,41779,13.5,32.26,19.6,225,9108,2013,156,bulk carrier,,225
414137000,9636589,A020013000041,散货船,76413,41779,13.5,32.26,19.6,225,9108,2013,156,bulk carrier,,225
414137000,9636589,A020013000041,散货船,76413,41779,13.5,32.26,19.6,225,9108,2013,156,bulk carrier,,225
477209100,9834014,CHK-5097,集装箱船,12336,9967,11.6,24.8,11.2,141,7448,2015,185,fully cellular containership,1011,141
477209100,9834014,CHK-5097,集装箱船,12336,9967,11.6,24.8,11.2,141,7448,2015,185,fully cellular containership,1011,141
636090966,9318058,A000090966,集装箱船,107612,91649,25,42.8,24.6,,68640,2006,199,,,
477510300,9532513,C9532513,散货船,400106,201384,14,65,30.4,360,29400,2010,156,,,
414119000,9650456,A070012000026,散货船,54800,32964,13.8,32.26,18,189.99,8500,2012,159,bulk carrier,,189.99
477742900,9458779,CHK-2585,散货船,93251,51130,12,38,20.7,229.2,12240,2010,128,,,
412016000,9175420,A050102513,多用途船,1,15589,15,25.2,14.1,169,7550,1999,11,general cargo with container capacity,,169
413320000,9132961,A090007000035,散货船,69512,36561,14,32.2,18.3,225,8914,1996,56,,,
414350000,9290529,A010017000151,集装箱船,55800,54605,24.52,32.2,22.1,294.14,45780,2004,163,,,
414647000,9618513,A050118000141,散货船,56444,33044,15.19,32.26,18,185.64,9480,2012,159,,,
413358210,9536026,A060011000001,油船,25604,18382,15,27.8,15,158,6480,2011,154,product tanker,,158
441203000,9819442,B9819442,散装化学品船/油船,3478,2993,14,14.4,7.8,91.44,2427,2018,164,chemical tanker,,91.4
414386000,9364813,A080618000029,散货船,53452,30002,11.5,32.26,17.3,189.94,9480,2006,158,bulk carrier,,189.94
414386000,9364813,A080618000029,散货船,53452,30002,11.5,32.26,17.3,189.94,9480,2006,158,bulk carrier,,189.94
477739800,9622942,CHK-3390,散货船,56880,33042,12,32.26,18,189.99,9480,2011,52,,,
477800200,9113162,B9113162,集装箱船,11064,7998,17,20,10.5,135,8310,1995,192,,,
403581000,9306809,9306809,散装化学品船,44999,29575,14,32.22,18.83,183.02,9480,2005,163,Combined chemical and oil tanker,,180.02
403581000,9306809,9306809,散装化学品船,44999,29575,14,32.22,18.83,183.02,9480,2005,163,Combined chemical and oil tanker,,180.02
403581000,9306809,9306809,散装化学品船,44999,29575,14,32.22,18.83,183.02,9480,2005,163,Combined chemical and oil tanker,,180.02
413860000,9562295,A180009000059,散货船,57081,32911,14.2,32.26,18,189.99,9480,2009,67,,,
667001563,9114047,B9114047,杂货船,1500,1457,10.5,12,7.2,74.99,1000,1994,147,,,
412543000,9154098,A140009000067,散货船,72424,37881,14.4,32.2,18.7,225,8826,1997,80,bulk carrier,,225
412543000,9154098,A140009000067,散货船,72424,37881,14.4,32.2,18.7,225,8826,1997,80,bulk carrier,,225
412543000,9154098,A140009000067,散货船,72424,37881,14.4,32.2,18.7,225,8826,1997,80,bulk carrier,,225
412923000,8226961,A030101075,特种用途船,,4412,14.5,16,7.4,104.5,5940,1984,24,,,
477035600,9799446,CHK-4822,油船,7645,6998,11,20,11.1,109.9,3030,2015,159,asphalt tanker,,109.9
412076010,8888927,A040103271,多用途船,1,4061,10,16.8,7.8,98.5,2160,1995,126,general cargo with container capacity,,98.5
412076010,8888927,A040103271,多用途船,1,4061,10,16.8,7.8,98.5,2160,1995,126,general cargo with container capacity,,98.5
412076010,8888927,A040103271,多用途船,1,4061,10,16.8,7.8,98.5,2160,1995,126,general cargo with container capacity,,98.5
413527660,9814399,A110018000010,油船,7286,7414,12,19.5,11,114.92,3330,2018,180,asphalt tanker,,114.92
414277000,9223198,A070016000030,散货船,73081,38399,14.5,32.26,19.2,225,10185,2001,158,,,
477353400,9607605,CCN20087804956,散货船,23000,15849,12,24.4,14,159.6,4440,2008,58,bulk carrier,,159.6
538005734,9322384,9322384,液化气船,48315,29654,12,32,46,186,8510,2004,231,chemical tanker,,186
413736000,9216975,A010009000068,散货船,52394,30053,13.5,32.26,17,189.99,7800,2001,154,,,
477434700,9609823,C9609823,散货船,56546,33037,12,32.26,18,189.99,9480,2011,160,bulk carrier,,189.99
563095400,9840738,B9840738,集装箱船,37621,32828,21.4,35,17,182,16080,2019,189,fully cellular containership,2500,185.99
563095400,9840738,B9840738,集装箱船,37621,32828,21.4,35,17,182,16080,2019,189,fully cellular containership,2500,185.99
414261000,9254537,B9254537,散货船,75318,39691,14,32.2,19.15,225,9797,2003,149,bulk carrier,,224.95
371898000,9832341,B9832341,滚装船,4265,16408,20,27,18.7,144.9,11581,2018,12,roll on roll off with container capacity,150,144.9
371898000,9832341,B9832341,滚装船,4265,16408,20,27,18.7,144.9,11581,2018,12,roll on roll off with container capacity,150,144.9
371898000,9832341,B9832341,滚装船,4265,16408,20,27,18.7,144.9,11581,2018,12,roll on roll off with container capacity,150,144.9
414071000,9579274,A020012000060,散货船,76000,41830,14.54,32.25,19.7,224.9,9500,2012,131,bulk carrier,,224.9
414071000,9579274,A020012000060,散货船,76000,41830,14.54,32.25,19.7,224.9,9500,2012,131,bulk carrier,,224.9
477319600,9628685,CHK-3511,散货船,12312,10820,12.5,22,14.3,125,4440,2013,91,general cargo,,125
477319600,9628685,CHK-3511,散货船,12312,10820,12.5,22,14.3,125,4440,2013,91,general cargo,,125
373912000,9837614,B9837614,油船,299981,156331,14.5,60,29.5,336,24510,2019,214,,,
477861200,9598775,CHK-3047,杂货船,8543,7243,12,19.6,11.8,110.4,2647,2009,119,general cargo,,110.4
413271170,9128257,A040310990005,散货船,73049,38520,14.6,32.24,19.1,224.98,11800,1997,127,,,
413526060,9802578,A110017000004,油船,13307,11081,14,22.6,11.8,145.9,4320,2017,160,asphalt tanker,,145.9
413526060,9802578,A110017000004,油船,13307,11081,14,22.6,11.8,145.9,4320,2017,160,asphalt tanker,,145.9
370800000,9603714,C9603714,散货船,56699,32964,13,32.26,18,189.99,9480,2012,10,bulk carrier,,189.99
413466640,9567506,A070510000171,散货船,35000,22458,14,28.8,14.6,179.88,6480,2010,163,bulk carrier,,179.88
477892700,9566966,CHK－2868,散货船,180562,91971,12,45,24.75,291.8,16860,2010,143,,,
477892700,9566966,CHK-2868,散货船,175966,91971,14,45,24.75,292,16860,2010,143,,,
413687000,9494395,A020009000095,散货船,76463,40896,14.5,32.26,19.6,225,8833,2009,9,bulk carrier,,225
477121100,9632753,CHK-4884,集装箱船,45762,37199,21,34.9,18.9,221.16,22890,2013,160,,,
412120000,9192674,A050102618,多用途船,1,19955,12,26.2,14.7,182.67,6300,2000,135,,,
413332170,9226671,A111111111111,散货船,48907,28085,14.5,32.2,16.5,189.96,7700,2001,153,bulk carrier,,189.96
413363820,9685841,A070320000030,散装化学品船/油船,4382,2974,10,15,7.4,98,1765,2015,182,chemical tanker,,98
477711500,9481427,CHK2641,散货船,79471,43498,14,,,222.84,11900,2009,157,bulk carrier,,229
477711500,9481427,CHK2641,散货船,79471,43498,14,,,222.84,11900,2009,157,bulk carrier,,229
353428000,9467607,B9467607,集装箱船,139418,140096,25.8,48.4,,365.8,98280,2010,215,,,
636019110,9845269,B9845269,散货船,81170,43968,13,32.26,39,229,9930,2019,148,bulk carrier,,229
413123000,9292395,A090004000053,散货船,56533,33511,14,32.26,18,199.99,8510,2004,141,bulk carrier,,199.99
413123000,9292395,A090004000053,散货船,56533,33511,14,32.26,18,199.99,8510,2004,141,bulk carrier,,199.99
477810400,9739989,C9739989,液化气船,50000,48419,16.8,,,226.05,12420,2016,176,,,
566955000,9632002,UN9224312,集装箱船,177509,167658,20.4,51,76.2,397.88,62030,2013,203,,,
371718000,9881495,B9881495,散货船,180516,94481,14,45,28,292,15748,2020,11,bulk carrier,,292
371718000,9881495,B9881495,散货船,180516,94481,14,45,28,292,15748,2020,11,bulk carrier,,292
371718000,9881495,B9881495,散货船,180516,94481,14,45,28,292,15748,2020,11,bulk carrier,,292
412478730,9722730,A090016000006,杂货船,37993,26770,13.8,28.5,15.8,189.99,6960,2016,154,general cargo with container capacity,1015,189.99
412478730,9722730,A090016000006,杂货船,37993,26770,13.8,28.5,15.8,189.99,6960,2016,154,general cargo with container capacity,1015,189.99
412478730,9722730,A090016000006,杂货船,37993,26770,13.8,28.5,15.8,189.99,6960,2016,154,general cargo with container capacity,1015,189.99
314481000,9836490,B9836490,散货船,81746,43071,12,32.26,20,225.1,9660,2019,151,bulk carrier,,228.99
314481000,9836490,B9836490,散货船,81746,43071,12,32.26,20,225.1,9660,2019,151,bulk carrier,,228.99
357146000,9846330,B9846330,散货船,63507,35835,14.5,32.24,19.15,199.98,7560,2019,45,,,
372569000,9384492,B9384492,散装化学品船,46695,25174,14.9,,,182.03,8670,2007,166,,,
413157000,9473389,B9473389,油船,297491,152740,15,60,,330,25480,2007,150,crude oil tanker,,330
413459180,9787716,A412439619,水产品运输船,6000,5790,14,,,111.47,3309,2015,142,,,
413527240,9233480,A110017000015,散货船,46513,25545,13.8,30.95,16.4,183,7487,2001,148,,,
477307900,9739666,CHK-4524,集装箱船,119031,113042,24.2,,,336.96,51000,2016,181,fully cellular containership,10100,337
477518600,9685346,CHK-4115,集装箱船,115177,113042,23.8,,,323.57,51000,2014,210,fully cellular containership,10100,336.95
477817300,9631266,CHK-3338,散货船,95379,52709,15,38,20.7,235,10404,2012,134,bulk carrier,,235
477817300,9631266,CHK-3338,散货船,95379,52709,15,38,20.7,235,10404,2012,134,bulk carrier,,235
563102900,9562350,CHK-3554,散装化学品船/油船,6299,5064,12,18,9.6,94.92,2970,2008,145,chemical tanker,,99.62
563102900,9562350,CHK-3554,散装化学品船/油船,6299,5064,12,18,9.6,94.92,2970,2008,145,chemical tanker,,99.62
636019069,9852286,B9852286,散装化学品船/油船,11767,7368,14,20.8,11,119.62,3600,2019,152,chemical tanker,,119.62
636019069,9852286,B9852286,散装化学品船/油船,11767,7368,14,20.8,11,119.62,3600,2019,152,chemical tanker,,119.62
413543000,9395202,A020008000144,散货船,177878,91205,12,45,24.8,292,16860,2008,122,bulk carrier,,292
477127900,9685358,CHK-4114,集装箱船,115178,113042,22.95,48.2,0,323.57,51000,2014,134,fully cellular containership,10100,336.95
477172200,9800776,C9800776,散装化学品船/油船,12259,8006,13.5,19.6,11.5,124.03,3840,2015,162,chemical tanker,,124.03
412070420,9478054,A060008000041,工程船,11121,11121,14,24.6,10,131.4,12600,2008,161,suction hopper dredger,,131.4
412070420,9478054,A060008000041,工程船,11121,11121,14,24.6,10,131.4,12600,2008,161,suction hopper dredger,,131.4
412070420,9478054,A060008000041,工程船,11121,11121,14,24.6,10,131.4,12600,2008,161,suction hopper dredger,,131.4
412070420,9478054,A060008000041,工程船,11121,11121,14,24.6,10,131.4,12600,2008,161,suction hopper dredger,,131.4
413361430,9643776,A060012000008,重大件运输船,11500,9968,11.7,32.25,8,142.8,4412,2012,115,,,
563073200,9847035,B9847035,散货船,10050,7324,13.2,19.6,13.2,108.44,3250,2019,100,general cargo,,108.44
538008314,9853852,B9853852,油船,318744,160457,15,60,0,330,24500,2019,152,crude oil tanker,,333
538008314,9853852,B9853852,油船,318744,160457,15,60,0,330,24500,2019,152,crude oil tanker,,333
636019206,9842061,B9842061,集装箱船,150893,140976,23,48,29,365.84,46422,2019,216,,,
636018613,9853242,B9853242,油船,49772,30237,14.5,32.2,19,183.4,7320,2019,33,product tanker,,183.23
636018613,9853242,B9853242,油船,49772,30237,14.5,32.2,19,183.4,7320,2019,33,product tanker,,183.23
413226530,9485318,A100408000001,集装箱船,4500,2989,10,15.6,7.5,93.8,2000,2007,91,fully cellular containership,230,93.8
477328900,9584190,C9584190,杂货船,32503,20969,12.5,24.4,14.1,179.9,6480,2011,22,bulk carrier,,179.9
312669000,9526849,BUN9526849,杂货船,7158,4519,11,17.2,35.8,102.7,2060,2008,142,general cargo,,110.3
412044760,7819280,A040101231,挖泥船,8781,6797,13.2,18.4,9.2,129.17,5736,1979,117,hopper dredger,,129.17
412044760,7819280,A040101231,挖泥船,8781,6797,13.2,18.4,9.2,129.17,5736,1979,117,hopper dredger,,129.17
414164000,9636618,A020013000078,散货船,76441,41779,14,32.26,19.6,225,9108,2013,58,bulk carrier,,225
441497000,9887360,B9887360,散装化学品船,4499,3881,12,16.2,8,93.09,2200,2020,90,Combined chemical and oil tanker,,99.9
477424900,9498327,CHK-3252,散货船,207900,106235,13,50,,300,17950,2011,128,bulk carrier,,300
477424900,9498327,CHK-3252,散货船,207900,106235,13,50,,300,17950,2011,128,bulk carrier,,300
477424900,9498327,CHK-3252,散货船,207900,106235,13,50,,300,17950,2011,128,bulk carrier,,300
412379870,9664976,A070012000033,散货船,35045,22475,10.5,28.8,14.6,179.88,6480,2012,148,bulk carrier,,179.88
356582000,9832717,B9832717,集装箱船,198937,219688,22,58.8,32.9,399.98,59300,2019,203,,,
477018000,9233466,CHK-0805,散货船,46901,29867,12,30.5,16.4,199.2,9510,2001,30,,,
312387000,9314569,B9314569,散货船,2829,1965,12,13.6,27,79.99,1080,2006,127,general cargo,,79.99
373672000,9860790,B9860790,散货船,182917,93458,12,45,24.6,287.5,15815,2020,41,bulk carrier,,291.96
373672000,9860790,B9860790,散货船,182917,93458,12,45,24.6,287.5,15815,2020,41,bulk carrier,,291.96
373672000,9860790,B9860790,散货船,182917,93458,12,45,24.6,287.5,15815,2020,41,bulk carrier,,291.96
413360000,9488217,A020008000060,散货船,53444,32460,14,32.26,17.5,190,9480,2008,59,bulk carrier,,190
413360000,9488217,A020008000060,散货船,53444,32460,14,32.26,17.5,190,9480,2008,59,bulk carrier,,190
636019548,9867073,B9867073,散装化学品船/油船,12699,8050,13,21,11.4,126.8,3900,2019,44,,,
636018486,9847061,B9847061,散货船,180651,94528,15.15,45,25,292,15748,2019,147,bulk carrier,,292
636017236,9675638,200,散货船,181513,92722,14,45,24.7,292,16700,2014,122,bulk carrier,,291.98
636017236,9675638,200,散货船,181513,92722,14,45,24.7,292,16700,2014,122,bulk carrier,,291.98
636017236,9675638,200,散货船,181513,92722,14,45,24.7,292,16700,2014,122,bulk carrier,,291.98
636018539,9836983,B9836983,散货船,81700,43065,12,32,20,229,9660,2019,19,bulk carrier,,228.99
636018539,9836983,B9836983,散货船,81700,43065,12,32,20,229,9660,2019,19,bulk carrier,,228.99
312278000,9895135,B9895135,散货船,5307,2998,11324,15.8,7.4,91.5,1765,2019,151,general cargo,,
312278000,9895135,B9895135,散货船,5307,2998,11324,15.8,7.4,91.5,1765,2019,151,general cargo,,
312278000,9895135,B9895135,散货船,5307,2998,11324,15.8,7.4,91.5,1765,2019,151,general cargo,,
477521300,9845752,CHK-5311,集装箱船,35326,26872,17,32.2,17.1,188.8,13700,2015,193,fully cellular containership,2700,186
477521300,9845752,CHK-5311,集装箱船,35326,26872,17,32.2,17.1,188.8,13700,2015,193,fully cellular containership,2700,186
477521300,9845752,CHK-5311,集装箱船,35326,26872,17,32.2,17.1,188.8,13700,2015,193,fully cellular containership,2700,186
477986300,9448554,CVRHS4,散货船,175852,91971,14.3,,,283.2,16860,2011,168,,,
477986300,9448554,CHK-2924,散货船,175852,91971,13,45,24.75,291.8,16986,2010,168,,,
413471050,9608922,A090011000031,多用途船,27000,20684,12,27.2,14.5,179.5,8250,2011,36,general cargo with container capacity,1371,179.5
477925700,9533361,C9533361,散货船,,,14,,,,9480,2010,136,,,
477942700,9207572,C9207572,集装箱船,12675,9413,18,22.4,11,144.83,8102,2000,165,fully cellular containership,787,144.83
413444950,9651060,A070312000231,散装化学品船/油船,4395,2984,10,15.2,7,96.17,2000,2012,153,Combined chemical and oil tanker,,96.17
413444950,9651060,A070312000231,散装化学品船/油船,4395,2984,10,15.2,7,96.17,2000,2012,153,Combined chemical and oil tanker,,96.17
413444950,9651060,A070312000231,散装化学品船/油船,4395,2984,10,15.2,7,96.17,2000,2012,153,Combined chemical and oil tanker,,96.17
413941000,9432737,A120009000011,散货船,57157,33547,14,32.26,18,199.99,8510,2009,180,bulk carrier,,199.99
413941000,9432737,A120009000011,散货船,57157,33547,14,32.26,18,199.99,8510,2009,180,bulk carrier,,199.99
305792000,9508433,A020011990027,多用途船,9000,8255,16,22,10,125.3,6300,2011,31,,,
477641300,9447445,CHK-2551,散货船,56887,33036,12,18,,185.65,9480,2009,6,,,
413472650,9660815,A090012000032,散装化学品船/油船,6555,4522,12.3,17,8.9,112.68,2380,2012,156,chemical tanker,,112.68
477167300,9492608,A140011000110,散货船,76000,40913,13.5,32.26,19.6,225,7950,2011,21,bulk carrier,,225
477950400,9497218,CHK-3069,散货船,115499,64769,12,43,20.8,254,13560,2011,163,,,
209691000,9843742,B9843742,散货船,82055,44095,14.5,32.26,20,225.27,9801,2020,1,bulk carrier,,229
209691000,9843742,B9843742,散货船,82055,44095,14.5,32.26,20,225.27,9801,2020,1,bulk carrier,,229
477810200,9708514,C9708514,油船,318862,165592,14.8,60,30.5,332.95,25360,2016,166,,,
538008215,9844277,B9844277,油船,318676,160874,15,60,29.4,333,24500,2019,139,crude oil tanker,,333
548978000,9855501,B9855501,散货船,81600,43968,14.3,32,49,229,13313,2019,89,,,
209746000,9833369,B9833369,集装箱船,23417,19035,18.5,28.39,14,164.78,11150,2019,204,fully cellular containership,1800,172
477345700,9834313,B9834313,液化气船,80155,114790,19,45,26.5,295,26530,2020,222,Liquefied Natural Gas Carrier,,295
477345700,9834313,B9834313,液化气船,80155,114790,19,45,26.5,295,26530,2020,222,Liquefied Natural Gas Carrier,,295
477345700,9834313,B9834313,液化气船,80155,114790,19,45,26.5,295,26530,2020,222,Liquefied Natural Gas Carrier,,295
477257700,9657404,CHK-3967,散货船,34527,22400,12,28.8,14.6,179.88,8488,2010,34,bulk carrier,,179.88
477528600,9868883,B9868883,散货船,82000,44051,14,32.26,20,229,9930,2020,173,bulk carrier,,229
477159700,9793911,CHK-5002,集装箱船,132584,113828,22.34,48.2,22.94,318.81,42350,2018,196,fully cellular containership,11923,330
413230950,9896919,A060120000027,散装化学品船/油船,6003,5030,12,17.2,8.9,114.95,2574,2020,154,,,
412121000,9192662,A050102582,多用途船,28000,19955,13,26.2,14.7,182.67,6300,2000,141,general cargo with container capacity,595,182.67
412121000,9192662,A050102582,多用途船,28000,19955,13,26.2,14.7,182.67,6300,2000,141,general cargo with container capacity,595,182.67
413653000,9102538,A990109000007,集装箱船,1,7998,17.3,20.8,10.5,135.2,8311,1995,176,fully cellular containership,668,135.2
477435800,9633836,CHK-3313,散货船,8499,6981,12,19,11.5,112.21,3150,2011,17,general cargo,,112.21
413017070,9403712,A020008000053,挖泥船,,14801,15.5,27,10.5,155,17400,2008,170,,,
413017070,9285768,A090104000223,工程船,,10980,15,24.5,10.1,132.48,12000,2004,170,hopper dredger,,132.48
538008310,9856086,B9856086,油船,318744,160457,15,60,30.4,333,24500,2020,142,,,
477269200,9848522,B9848522,散货船,82025,44114,15.3,32.26,20,229,9801,2019,144,bulk carrier,,229
477163300,9446946,C9446946,散货船,56952,33036,12,,,185.65,9480,2008,12,,,
412521060,9209726,A120400108,多用途船,4371,3580,12,16.2,7.2,93,1980,1999,122,general cargo with container capacity,231,93
413447490,9655937,A070012000028,液化气船,2453,2993,12.5,14.8,7.2,99.96,2574,2012,136,Liquefied Petroleum Gas Carrier,,99.96
477585600,9535785,CHK-4198,油船,296393,156726,16,60,29.7,330,25480,2010,153,crude oil tanker,,330
563107100,9858709,B9858709,集装箱船,37500,32965,18,35,17,182,16080,2019,215,fully cellular containership,2700,185.99
371319000,9868326,B9868326,集装箱船,224983,232311,19,61.5,33.2,399.9,59600,2020,173,fully cellular containership,23000,399.9
477903500,9583627,CHK-2850,散货船,56953,33044,12,32.26,18,189.99,9480,2010,140,bulk carrier,,189.99
354252000,9443877,9443877,散装化学品船/油船,46159,30027,12,32.2,19.1,183,8285,2008,151,Combined chemical and oil tanker,,183
354252000,9443877,9443877,散装化学品船/油船,46159,30027,12,32.2,19.1,183,8285,2008,151,Combined chemical and oil tanker,,183
477065800,9445318,C9445318,散货船,228783,116955,11,52.5,0,325,22500,2010,110,bulk ore carrier,,324.99
563065300,9806897,B9806897,散货船,398459,203403,14.5,65,30.4,352.82,24200,2018,162,,,
209682000,9841964,B9841964,散货船,82041,44095,13.5,32.26,20,225.29,9801,2019,4,bulk carrier,,229
636018988,9844576,B9844576,散货船,208131,107526,14,50,48,299.95,15131,2019,160,,,
477995100,9329447,CHK-1526,散货船,174413,88930,14.5,45,24.5,289,16860,2004,121,,,
538008312,9845697,B9845697,散货船,318744,160457,14,60.03,30.4,332.99,24500,2019,150,crude oil tanker,,333
232024253,9843390,B9843390,散货船,211013,109716,14.2,49,25.3,300,17500,2019,148,bulk carrier,,299.97
477224500,9593775,CHK-3658,散货船,81602,45271,14.5,32.26,,229,10260,2013,123,bulk carrier,,229
563088800,9852949,B9852949,液化气船,50513,46668,15,32.25,23.2,229.98,13500,2019,161,Liquefied Petroleum Gas Carrier,,229.98
413306350,9640487,A120013000005,液化气船,4191,4796,13.5,18.2,8,109.67,3310,2015,162,Liquefied Petroleum Gas Carrier,,109.67
477684100,9727637,CHK-4371,散货船,63356,36378,13.5,32,18.5,200,6482,2015,20,,,
477684100,9727637,A090115990062,散货船,63355,36378,13.5,32.26,18.5,194.5,8050,2014,20,,,
563107300,9865556,B9865556,散货船,81795,44397,14.3,32.26,20,225.32,9801,2020,16,bulk carrier,,229
636018544,9831206,B9831206,散装化学品船/油船,44999,29528,12,32.2,19.1,183.06,10320,2018,147,product tanker,,183
538008611,9845154,B9845154,油船,299420,153905,13,60,29.6,329.98,24500,2019,238,,,
477521700,9860790,B9860790,散货船,182917,93458,12,45,24.6,287.5,15815,2020,142,bulk carrier,,291.96
477521700,9860790,B9860790,散货船,182917,93458,12,45,24.6,287.5,15815,2020,142,bulk carrier,,291.96
477521700,9860790,B9860790,散货船,182917,93458,12,45,24.6,287.5,15815,2020,142,bulk carrier,,291.96
477594100,9868895,B9868895,散货船,81600,44051,14,32.26,20,229,9930,2020,169,,,
563097100,9847059,B9847059,散货船,10028,7318,12,19.6,13.2,108.44,3250,2019,156,,,
257501000,9818539,B9818539,散装化学品船/油船,49100,34128,14,32,16,183,7820,2019,160,chemical tanker,,182.88
257501000,9818539,B9818539,散装化学品船/油船,49100,34128,14,32,16,183,7820,2019,160,chemical tanker,,182.88
414180000,9702998,A010013000260,散货船,48614,30171,13.5,32.26,16,189.99,7415,2013,131,bulk carrier,,189.99
533130819,9291171,C444444,油船,6067,5072,14,18.2,9.6,109.99,3089,2003,126,asphalt tanker,,109.99
477027700,9739977,CHK-4539,液化气船,54746,48419,16.8,,,219.52,12420,2016,170,Liquefied Petroleum Gas Carrier,,226.05
538008159,9794006,B9794006,油船,318521,159962,15,60,30.4,332.98,24500,2019,159,crude oil tanker,,332.98
413422350,9627332,A070312000336,供给船,3520,3214,12,18,7.8,78,8824,2012,166,tug/supply,,78
538005890,9845506,B9845506,油船,,160655,15,60,65,333,24500,2019,146,crude oil tanker,,333
538005890,9845506,B9845506,油船,,160655,15,60,65,333,24500,2019,146,crude oil tanker,,333
413040040,9511868,A010008000153,拖船,0,1448,13,12.6,6,62,2942,2008,134,tug,,62
413366530,9037123,A030110000158,油船,38615,24252,14,28,16.8,190,8380,2001,56,product tanker,,190
563107800,9861225,B9861225,散货船,69754,57934,13,37,25,215,8780,2020,150,,,
477739700,9629639,CHK-3151,散货船,75480,40913,13,32.26,19.6,225,8833,2012,8,bulk carrier,,225
413378980,9224398,A110005000008,散装化学品船/油船,3711,2270,12.1,14.2,7,86.95,1958,2000,128,,,
212909000,9866653,B9866653,散货船,37870,23232,14,,,,6780,2020,123,,,
636019982,9860908,B9860908,散货船,132550,115761,23,48.2,27,332,42420,2020,141,fully cellular containership,,331.94
447273000,9849617,B9849617,液化气船,54520,49394,16.8,36.6,18.34,222.92,12659,2019,181,,,
538008994,9883766,B9883766,散货船,82000,44103,15,32.26,20,229,9932,2020,158,bulk carrier,,229
563067600,9806902,B9806902,散货船,398595,203403,14.5,65,30,362,24200,2018,154,bulk ore carrier,,361.9
355616000,9528718,2017-102,油船,5927,4387,12,17,8.9,102.4,2910,2008,171,,,
355616000,9445289,CHK-2998,散货船,228800,116955,14,52.48,24,324.99,22500,2011,171,bulk ore carrier,,324.99
538008162,9846304,B9846304,散货船,37683,23240,14,29.8,15,179.97,6780,2019,14,bulk carrier,,180
538008162,9846304,B9846304,散货船,37683,23240,14,29.8,15,179.97,6780,2019,14,bulk carrier,,180
255806286,9861524,B9861524,散装化学品船,7585,4764,13,16,8,109.9,2800,2020,165,general cargo,,109.9
636019983,9860910,B9860910,集装箱船,132550,115761,22,48.2,27,332,42420,2020,48,fully cellular containership,11000,331.94
636019983,9860910,B9860910,集装箱船,132550,115761,22,48.2,27,332,42420,2020,48,fully cellular containership,11000,331.94
636019983,9860910,B9860910,集装箱船,132550,115761,22,48.2,27,332,42420,2020,48,fully cellular containership,11000,331.94
538008176,9847011,B9847011,散货船,60397,34552,12,32.25,18.5,199.99,7800,2019,10,bulk carrier,,199.99
229380000,9311177,1213454,散货船,75884,40033,13,32,19,225,9010,2007,12,bulk carrier,,225
219088000,9852664,B9852664,散货船,63481,35834,13,32.24,19.15,199.98,7560,2019,214,bulk carrier,,199.98
477413800,9479242,CHK-3461,散货船,206650,106368,15.5,50,,299.7,16810,2012,137,,,
255806269,9852030,B9852030,散货船,61131,34508,13.5,32,18.6,200,8130,2019,157,,,
314480000,9836701,B9836701,散货船,81746,43071,14,32.26,50.77,228.99,9660,2019,4,bulk carrier,,228.99
477692900,9791951,CHK-4718,杂货船,37516,23506,11,29.8,,179.97,6780,2013,14,bulk carrier,,179.97
636092828,9830123,B9830123,散货船,38705,25546,14,32,15.01,179.95,6100,2019,9,bulk carrier,,180
636092828,9830123,B9830123,散货船,38705,25546,14,32,15.01,179.95,6100,2019,9,bulk carrier,,180
636020110,9893759,B9893759,散货船,82265,44698,14.3,32.26,20,229,9000,2020,153,,,
352927000,9826835,B9826835,散货船,63434,35832,12,32.24,19.15,195.38,7560,2018,138,,,
413380310,9714551,A070015000009,挖泥船,26689,17842,15,27,12.5,165.17,17860,2016,169,hopper dredger,,165
413380310,9714551,A070015000009,挖泥船,26689,17842,15,27,12.5,165.17,17860,2016,169,hopper dredger,,165
477244800,9807061,CHK-4949,散货船,397933,203389,12,64.98,30.39,352.86,24200,2019,145,bulk carrier,,361.9
477244800,9807061,CHK-4949,散货船,397933,203389,12,64.98,30.39,352.86,24200,2019,145,bulk carrier,,361.9
477147700,9216834,CHK-4919,集装箱船,8407,7360,15,20.6,,127.96,6300,2001,17,,,
636018935,9847889,B9847889,散货船,80810,44038,12.6,32.25,20.05,229,9931,2018,17,,,
538008494,9878369,B9878369,散货船,63218,35812,14,32.26,38,194.55,8300,2019,142,,,
413626000,9547439,A070509000050,散货船,33015,19983,13.5,27.6,13.9,178,5830,2009,143,bulk carrier,,178
477628900,9456434,CHK-3197,散货船,56744,33036,12,32.26,18,189.99,9480,2012,148,bulk carrier,,189.99
538008660,9847982,B9847982,散货船,211038,109716,14,49,25.3,300,17500,2020,135,bulk carrier,,300
228394600,9839181,B9839181,集装箱船,221294,236583,21.97,61.3,33.5,399.9,57456,2020,246,fully cellular containership,22000,399.9
477694700,9611747,Chk-4099,散货船,180301,95276,15.5,46,,295,17880,2014,11,bulk carrier,,295
412053050,9285768,A090104000223,工程船,,10980,15,24.5,10.1,132.48,12000,2004,16,hopper dredger,,132.48
412053050,9403712,A020008000053,挖泥船,,14801,15.5,27,10.5,155,17400,2008,16,,,
413180000,9416642,A010010000145,油船,,161488,15.7,60,29.8,332.9,29400,2010,170,,,
563090700,9858060,B9858060,散装化学品船/油船,44999,29447,13.3,32.2,19.05,182.5,8310,2019,7,,,
538008510,9867176,B9867176,散货船,81117,44150,14,32.26,20,229,9930,2020,9,bulk carrier,,229
538008510,9867176,B9867176,散货船,81117,44150,14,32.26,20,229,9930,2020,9,bulk carrier,,229
372490000,9854480,B9854480,集装箱船,22507,17853,18,27.4,14.3,172,14940,2019,43,fully cellular containership,1800,172.07
372490000,9854480,B9854480,集装箱船,22507,17853,18,27.4,14.3,172,14940,2019,43,fully cellular containership,1800,172.07
372490000,9854480,B9854480,集装箱船,22507,17853,18,27.4,14.3,172,14940,2019,43,fully cellular containership,1800,172.07
563098400,9836660,B9836660,集装箱船,22081,18652,20,28.4,14.5,172,13400,2019,216,fully cellular containership,,172
563098400,9836660,B9836660,集装箱船,22081,18652,20,28.4,14.5,172,13400,2019,216,fully cellular containership,,172
636019139,9846275,B9846275,散货船,63449,35834,14,32.24,19.15,199.98,7560,2019,20,bulk carrier,,199.98
636019139,9846275,B9846275,散货船,63449,35834,14,32.24,19.15,199.98,7560,2019,20,bulk carrier,,199.98
353112000,9849655,B9849655,集装箱船,27793,21391,21.5,30,15.3,192,18200,2015,8,reefer,2200,192
353112000,9849655,B9849655,集装箱船,27793,21391,21.5,30,15.3,192,18200,2015,8,reefer,2200,192
412377000,9591430,A010019000108,散货船,79421,43717,14,32.26,20.25,229,11850,2012,91,bulk carrier,,229
477264900,9473406,CHK2431,散货船,33178,20763,13,,,179.9,6480,2008,44,,,
636018621,9852743,B9852743,散货船,63555,35832,13,32.2,19.15,199.9,14031,2019,7,bulk carrier,,199.99
636018621,9852743,B9852743,散货船,63555,35832,13,32.2,19.15,199.9,14031,2019,7,bulk carrier,,199.99
357138000,9883560,B9883560,液化气船,2999,3443,13,16,7.2,97.69,2200,2020,164,,,
374883000,9858022,B9858022,散货船,61174,34634,15,32.24,18.6,199.9,6530,2019,152,,,
440750000,9846433,B9846433,杂货船,6438,4608,12,17,9,94.11,2427,2020,156,general cargo,,101.5
440750000,9846433,B9846433,杂货船,6438,4608,12,17,9,94.11,2427,2020,156,general cargo,,101.5
477159400,9806976,B9806976,散货船,398707,203396,12,64.99,30.41,361.9,24200,2018,143,bulk carrier,,361.8
477159400,9806976,B9806976,散货船,398707,203396,12,64.99,30.41,361.9,24200,2018,143,bulk carrier,,361.8
477159400,9806976,B9806976,散货船,398707,203396,12,64.99,30.41,361.9,24200,2018,143,bulk carrier,,361.8
636019057,9854492,B9854492,集装箱船,21000,17853,12,27,14,172,11960,2019,11,fully cellular containership,1800,172.07
255806324,9860362,B9860362,散货船,100449,53219,12,38,20.62,235,9000,2020,140,bulk carrier,,249.98
477112300,9322243,C9322243,集装箱船,12828,9590,18.1,22.6,12,142.7,7860,2005,140,,,
477257200,9614050,CHK-3974,油船,,164492,15,60,30.5,332.95,29260,2013,155,,,
414211000,9723461,A160015000017,滚装客船,0,33458,20,28,14.95,179.5,16000,2015,91,passenger ro/ro,,179.5
563105100,9874272,B9874272,散货船,64049,36463,14.5,32.25,19.45,199.99,7000,2015,144,bulk carrier,,199.99
563105100,9874272,B9874272,散货船,64049,36463,14.5,32.25,19.45,199.99,7000,2015,144,bulk carrier,,199.99
636020162,9882205,B9882205,集装箱船,37200,27997,19,32,16.8,196,16700,2020,26,,,
215573000,9862346,B9862346,液化气船,88592,115345,19.5,45.8,26.2,293.16,11350,2020,159,Liquefied Natural Gas Carrier,,293
215573000,9862346,B9862346,液化气船,88592,115345,19.5,45.8,26.2,293.16,11350,2020,159,Liquefied Natural Gas Carrier,,293
477137300,9731377,CHK-4573,杂货船,31660,24778,15,28,15.5,190,8350,2016,11,general cargo with container capacity,1923,
477137300,9731377,CHK-4573,杂货船,31660,24778,15,28,15.5,190,8350,2016,11,general cargo with container capacity,1923,
538009029,9872078,B9872078,散货船,180716,94674,12,45,25,292,15748,2020,157,bulk carrier,,292
477423300,9615470,CHK3401,散货船,56838,33044,14,32.26,,189.99,9480,2012,39,bulk carrier,,189.99
477423300,9615470,CHK-3401,散货船,56838,33044,12,32.26,18,189.99,9480,2012,39,bulk carrier,,189.99
477802300,9445289,CHK-2998,散货船,228800,116955,14,52.48,24,324.99,22500,2011,22,bulk ore carrier,,324.99
477802300,9528718,2017-102,油船,5927,4387,12,17,8.9,102.4,2910,2008,22,,,
636019325,9849057,B9849057,散货船,63341,36357,13.5,32.26,50,199.9,8052,2019,14,bulk carrier,,199.9
636019325,9849057,B9849057,散货船,63341,36357,13.5,32.26,50,199.9,8052,2019,14,bulk carrier,,199.9
431982000,9826811,B9826811,散货船,88869,49733,15.13,38,0,224.52,9600,2018,161,bulk carrier,,229.98
477410900,9847396,B9847396,散货船,81572,44196,12,32.26,20.1,229,10300,2019,17,bulk carrier,,229
477410900,9847396,B9847396,散货船,81572,44196,12,32.26,20.1,229,10300,2019,17,bulk carrier,,229
477410900,9847396,B9847396,散货船,81572,44196,12,32.26,20.1,229,10300,2019,17,bulk carrier,,229
477410900,9847396,B9847396,散货船,81572,44196,12,32.26,20.1,229,10300,2019,17,bulk carrier,,229
477319100,9616010,CHK-3727,散货船,11439,7170,13,19.6,10.5,114,3900,2013,117,,,
477524500,9702479,C9702479,散货船,211122,109716,12,49,25.3,300,17500,2014,143,,,
412313378,9475533,A140010000025,散货船,57009,32911,14.2,32.26,18,189.99,9480,2010,49,bulk carrier,,189.99
413235390,9795268,A070316000044,供给船,898,1436,14.2,13.2,6,58.8,4412,2016,93,tug/supply,,58.8
258868000,9863687,B9863687,杂货船,2998,2590,12,13.8,7,81,1323,2019,9,general cargo,,81
352724000,9799721,B9799721,散货船,82008,43852,13,,,,9660,2017,2,bulk carrier,,228.99
477347500,9738090,CHK-4421,散货船,39780,24748,14,30,15,179.99,6050,2015,140,bulk carrier,,179.99
477347500,9738090,CHK-4421,散货船,39780,24748,14,30,15,179.99,6050,2015,140,bulk carrier,,179.99
210048000,9870666,B9870666,散装化学品船,7000,5395,11.7,18.4,9,110,3480,2020,158,chemical tanker,,119.9
414032000,9140542,A070111000105,散货船,69638,36592,14,32.2,18.3,225,8910,1997,95,bulk carrier,,225
414032000,9140542,A070111000105,散货船,69638,36592,14,32.2,18.3,225,8910,1997,95,bulk carrier,,225
412301230,9250440,A020100520,勘探船,,4904,12,18,7.4,79.8,4708,2001,26,seismographic research,,79.8
412301230,9250440,A020100520,勘探船,,4904,12,18,7.4,79.8,4708,2001,26,seismographic research,,79.8
563061800,9826471,B9826471,散货船,93478,49565,15.3,38,19.5,234.98,9120,2018,139,,,
563105300,9850202,B9850202,散装化学品船/油船,49849,29987,14,32.2,19.1,183.07,7180,2019,119,,,
414329000,9742998,A180017000077,多用途船,37971,25769,14.5,32,15,177.02,6100,2017,166,bulk carrier,,179.95
414329000,9742998,A180017000077,多用途船,37971,25769,14.5,32,15,177.02,6100,2017,166,bulk carrier,,179.95
215125000,9780859,9780859,集装箱船,148992,140872,22.4,48.2,72.5,365.96,50190,2017,18,,,
373835000,9820984,UN9820984,散货船,37710,23232,12,29.8,15,179.97,6780,2018,13,,,
412501020,9410258,A090406000165,散装化学品船/油船,1820,1176,12,12,5,68,1102,2006,36,Combined chemical and oil tanker,,68
477615600,9848778,B9848778,集装箱船,30428,26971,12,32.2,16.9,182.69,12500,2015,176,,,
538008384,9849863,B9849863,油船,299682,153947,15,60.04,29.6,329.98,24500,2020,142,crude oil tanker,,330
538008384,9849863,B9849863,油船,299682,153947,15,60.04,29.6,329.98,24500,2020,142,crude oil tanker,,330
374207000,9833228,B9833228,散装化学品船/油船,7908,4833,13,18,9.4,108,3000,2015,155,chemical tanker,,108
374207000,9833228,B9833228,散装化学品船/油船,7908,4833,13,18,9.4,108,3000,2015,155,chemical tanker,,108
563113800,9893383,B9893383,液化气船,9120,7273,14.9,18.62,10.1,119.98,4440,2020,155,Liquefied Petroleum Gas Carrier,,119.95
370757000,9869679,B9869679,集装箱船,27799,21391,21.5,30,15.3,187.7,18200,2015,165,fully cellular containership,1268,192
413711129,9330018,BUN9330018,杂货船,2769,1983,10.5,13.6,7,79.99,1080,2004,93,general cargo,,79.99
413711129,9330018,BUN9330018,杂货船,2769,1983,10.5,13.6,7,79.99,1080,2004,93,general cargo,,79.99
235076731,9322384,9322384,液化气船,48315,29654,12,32,46,186,8510,2004,141,chemical tanker,,186
563057400,9806885,B9806885,散货船,398292,203403,14,64.9,30.4,352.8,24200,2018,152,,,
636019896,9864540,B9864540,集装箱船,37435,32720,21,32.8,16.8,209.75,20500,2019,37,fully cellular containership,2800,209.75
636019896,9864540,B9864540,集装箱船,37435,32720,21,32.8,16.8,209.75,20500,2019,37,fully cellular containership,,209.75
477390100,9695224,9695224,散货船,31777,22362,15,27.4,15.5,166.1,6480,2013,12,,,
477390100,9695224,C9695224,多用途船,42961,22362,13,27.4,15.5,166.1,6480,2014,12,,,
636019894,9864526,B9864526,集装箱船,37435,32720,21,32.8,16.8,209.75,18450,2020,209,fully cellular containership,2800,209.75
636019894,9864526,B9864526,集装箱船,37435,32720,21,32.8,16.8,209.75,18450,2020,209,fully cellular containership,,209.75
636019894,9864526,B9864526,集装箱船,37435,32720,21,32.8,16.8,209.75,18450,2020,209,fully cellular containership,,209.75
636019894,9864526,B9864526,集装箱船,37435,32720,21,32.8,16.8,209.75,18450,2020,209,fully cellular containership,,209.75
477697000,9218040,C1565272,散货船,32835,19925,14,28.4,18.3,177,7497,1996,3,,,
563081100,9847425,B9847425,液化气船,50513,46668,14.5,32.25,18.44,223.31,13500,2019,166,Liquefied Petroleum Gas Carrier,,229.98
371687000,9294252,B9294252N,油船,302477,160292,15,60,29,333,27160,2005,129,crude oil tanker,,333
413264580,9556791,B9556791,散货船,23127,14912,11,24,13.8,159.9,4400,2009,147,bulk carrier,,159.9
477202200,9804289,B9804289,油船,318803,165511,16,60,30,333,25360,2017,146,crude oil tanker,,332.68
477202200,9804289,B9804289,油船,318803,165511,16,60,30,333,25360,2017,146,crude oil tanker,,332.68
538009167,9833008,B9833008,集装箱船,23417,19035,18.5,28.4,14.2,164.77,11150,2015,186,,,
636019895,9864538,B9864538,集装箱船,37435,32720,20,32.8,16.8,209.75,27490,2020,214,fully cellular containership,,209.75
477904500,9591492,C9591492,散货船,77481,41605,12,32.25,19.7,224.9,9500,2013,24,bulk carrier,,224.9
636020221,9893591,B9893591,集装箱船,37200,27997,18,32.5,16.8,196.16,17430,2020,165,,,
414484000,9077240,A140007990001,散货船,70182,36559,14.5,32.26,18.3,225,8826,1994,36,,,
215839000,9859129,B9859129,集装箱船,159285,150844,22,51,29.85,366,46360,2020,178,fully cellular containership,,366
215839000,9859129,B9859129,集装箱船,159285,150844,22,51,29.85,366,46360,2020,178,fully cellular containership,,366
412475970,9631292,A090012000012,拖船,,971,12.5,12.5,5.2,49.98,2942,2012,60,tug,,49.98